{
  "task": "mortality",
  "feature_names": [
    "heart_rate__mean",
    "heart_rate__median",
    "heart_rate__max",
    "heart_rate__min",
    "heart_rate__count",
    "heart_rate__variance",
    "sbp__mean",
    "sbp__median",
    "sbp__max",
    "sbp__min",
    "sbp__count",
    "sbp__variance",
    "glucose__mean",
    "glucose__median",
    "glucose__max",
    "glucose__min",
    "glucose__count",
    "glucose__variance"
  ],
  "num_timesteps": 12,
  "num_features": 18,
  "document_scope": "first_48h_notes",
  "peag_scope": "first_48h_4h_bins",
  "train_size": 0.7,
  "valid_size": 0.1,
  "seed": 42,
  "source_extracted_dir": "D:\\cursor-project\\revision-paper-1\\LongitudinalGeneration-main\\scripts\\PEAG_MIMIC\\_smoke_data_v2\\mortality_48h_4h",
  "source_task": "mortality",
  "scaler": {
    "mean": [
      -0.1686394065618515,
      -0.0729648545384407,
      -0.020467650145292282,
      -0.0584680549800396,
      0.03674214333295822,
      0.020903367549180984,
      -0.05721583962440491,
      -0.032987989485263824,
      0.057167898863554,
      0.05699238181114197,
      -0.10088879615068436,
      0.006139896344393492,
      -0.10057656466960907,
      -0.051512498408555984,
      -0.09502942115068436,
      0.008203547447919846,
      -0.1633037030696869,
      -0.04749041795730591
    ],
    "std": [
      1.051975965499878,
      1.0583707094192505,
      1.071302056312561,
      0.9617538452148438,
      1.0166926383972168,
      0.9891451597213745,
      1.03799569606781,
      0.9728066325187683,
      1.128888726234436,
      1.011641263961792,
      0.8868401646614075,
      0.9663461446762085,
      1.0398041009902954,
      0.8979464173316956,
      1.0794075727462769,
      1.0042773485183716,
      1.0010604858398438,
      0.8944528102874756
    ]
  },
  "class_balance": {
    "train_positive_rate": 0.5,
    "valid_positive_rate": 0.5,
    "test_positive_rate": 0.5
  },
  "num_samples": {
    "train": 14,
    "valid": 2,
    "test": 4
  }
}