{
  "task": "readmission",
  "feature_names": [
    "heart_rate__mean",
    "heart_rate__median",
    "heart_rate__max",
    "heart_rate__min",
    "heart_rate__count",
    "heart_rate__variance",
    "sbp__mean",
    "sbp__median",
    "sbp__max",
    "sbp__min",
    "sbp__count",
    "sbp__variance",
    "glucose__mean",
    "glucose__median",
    "glucose__max",
    "glucose__min",
    "glucose__count",
    "glucose__variance"
  ],
  "num_timesteps": 12,
  "num_features": 18,
  "document_scope": "first_48h_notes",
  "peag_scope": "first_48h_4h_bins",
  "train_size": 0.7,
  "valid_size": 0.1,
  "seed": 42,
  "source_extracted_dir": "D:\\cursor-project\\revision-paper-1\\LongitudinalGeneration-main\\scripts\\PEAG_MIMIC\\_smoke_data_v2\\readmission_48h_4h",
  "source_task": "readmission_30d",
  "scaler": {
    "mean": [
      -0.061560578644275665,
      0.06502409279346466,
      0.07842957973480225,
      -0.07257930934429169,
      -0.14067329466342926,
      0.037232547998428345,
      0.02338651567697525,
      -0.006478631868958473,
      -0.057812947779893875,
      0.044519905000925064,
      -0.03831074759364128,
      -0.05929924547672272,
      -0.07416417449712753,
      0.0646345391869545,
      -0.03302837908267975,
      0.021159471943974495,
      0.1204650029540062,
      -0.046524304896593094
    ],
    "std": [
      0.9019513726234436,
      0.8786110281944275,
      1.0916846990585327,
      1.042569637298584,
      1.0098886489868164,
      1.0081907510757446,
      0.934636116027832,
      1.0605238676071167,
      1.0905570983886719,
      0.9252344965934753,
      0.9558417797088623,
      1.048627495765686,
      0.994464635848999,
      0.9843425154685974,
      1.0046730041503906,
      0.9878845810890198,
      1.0374318361282349,
      0.9098296761512756
    ]
  },
  "class_balance": {
    "train_positive_rate": 0.5,
    "valid_positive_rate": 0.5,
    "test_positive_rate": 0.5
  },
  "num_samples": {
    "train": 14,
    "valid": 2,
    "test": 4
  }
}